Price,Tag,Time
6734.0,XBT/EUR,2018-04-15 22:47:37
6734.0,XBT/EUR,2018-04-15 22:47:40
6734.0,XBT/EUR,2018-04-15 22:47:42
6734.0,XBT/EUR,2018-04-15 22:47:50
6734.0,XBT/EUR,2018-04-15 22:48:00
6734.0,XBT/EUR,2018-04-15 22:48:10
6733.9,XBT/EUR,2018-04-15 22:49:10
6733.9,XBT/EUR,2018-04-15 22:49:11
6733.9,XBT/EUR,2018-04-15 22:49:19
6733.9,XBT/EUR,2018-04-15 22:49:29
6731.4,XBT/EUR,2018-04-15 22:49:39
6733.9,XBT/EUR,2018-04-15 22:49:50
6733.5,XBT/EUR,2018-04-15 22:49:59
6730.6,XBT/EUR,2018-04-15 22:50:09
6730.6,XBT/EUR,2018-04-15 22:50:19
6734.0,XBT/EUR,2018-04-15 22:50:29
6734.0,XBT/EUR,2018-04-15 22:50:39
6730.3,XBT/EUR,2018-04-15 22:50:49
6730.0,XBT/EUR,2018-04-15 22:50:59
6734.0,XBT/EUR,2018-04-15 22:51:09
6734.0,XBT/EUR,2018-04-15 22:51:20
6734.0,XBT/EUR,2018-04-15 22:51:30
6734.0,XBT/EUR,2018-04-15 22:51:35
6734.0,XBT/EUR,2018-04-15 22:51:37
6730.5,XBT/EUR,2018-04-15 22:51:45
6730.0,XBT/EUR,2018-04-15 22:51:55
6730.0,XBT/EUR,2018-04-15 22:51:57
6729.0,XBT/EUR,2018-04-15 22:52:05
6733.5,XBT/EUR,2018-04-15 22:52:16
6733.5,XBT/EUR,2018-04-15 22:52:25
6733.9,XBT/EUR,2018-04-15 22:52:35
6729.0,XBT/EUR,2018-04-15 22:52:45
6729.0,XBT/EUR,2018-04-15 22:52:55
6729.9,XBT/EUR,2018-04-15 22:53:05
6728.9,XBT/EUR,2018-04-15 22:53:15
6728.9,XBT/EUR,2018-04-15 22:53:25
6725.8,XBT/EUR,2018-04-15 22:53:41
6725.8,XBT/EUR,2018-04-15 22:53:42
6725.8,XBT/EUR,2018-04-15 22:53:50
6725.8,XBT/EUR,2018-04-15 22:54:00
6725.8,XBT/EUR,2018-04-15 22:54:10
6725.8,XBT/EUR,2018-04-15 22:54:21
6725.8,XBT/EUR,2018-04-15 22:54:30
6725.8,XBT/EUR,2018-04-15 22:54:31
6727.9,XBT/EUR,2018-04-15 22:54:40
6725.9,XBT/EUR,2018-04-15 22:54:50
6723.3,XBT/EUR,2018-04-15 22:55:00
6722.2,XBT/EUR,2018-04-15 22:55:10
6722.2,XBT/EUR,2018-04-15 22:55:20
6723.7,XBT/EUR,2018-04-15 22:55:30
6723.8,XBT/EUR,2018-04-15 22:55:40
6723.8,XBT/EUR,2018-04-15 22:55:50
6725.0,XBT/EUR,2018-04-15 22:56:00
6725.0,XBT/EUR,2018-04-15 22:56:10
6725.0,XBT/EUR,2018-04-15 22:56:20
6728.9,XBT/EUR,2018-04-15 22:56:30
6727.5,XBT/EUR,2018-04-15 22:56:45
6727.5,XBT/EUR,2018-04-15 22:56:46
6725.3,XBT/EUR,2018-04-15 22:56:55
6729.8,XBT/EUR,2018-04-15 22:57:25
6729.8,XBT/EUR,2018-04-15 22:57:35
6729.8,XBT/EUR,2018-04-15 22:57:39
6729.8,XBT/EUR,2018-04-15 22:57:41
6730.0,XBT/EUR,2018-04-15 22:57:49
6729.9,XBT/EUR,2018-04-15 23:01:10
6729.9,XBT/EUR,2018-04-15 23:01:11
6729.9,XBT/EUR,2018-04-15 23:01:30
6730.1,XBT/EUR,2018-04-15 23:03:31
6730.1,XBT/EUR,2018-04-15 23:03:40
6730.1,XBT/EUR,2018-04-15 23:03:45
6730.1,XBT/EUR,2018-04-15 23:03:47
6730.1,XBT/EUR,2018-04-15 23:03:55
6730.0,XBT/EUR,2018-04-15 23:04:05
6730.0,XBT/EUR,2018-04-15 23:04:15
6730.4,XBT/EUR,2018-04-15 23:04:25
6734.8,XBT/EUR,2018-04-15 23:04:35
6730.2,XBT/EUR,2018-04-15 23:04:46
6730.2,XBT/EUR,2018-04-15 23:04:55
6730.1,XBT/EUR,2018-04-15 23:05:05
6730.1,XBT/EUR,2018-04-15 23:05:15
6738.9,XBT/EUR,2018-04-15 23:11:26
6741.0,XBT/EUR,2018-04-15 23:12:06
6740.0,XBT/EUR,2018-04-15 23:13:46
6740.0,XBT/EUR,2018-04-15 23:14:36
6740.0,XBT/EUR,2018-04-15 23:14:45
6740.0,XBT/EUR,2018-04-15 23:14:51
6740.0,XBT/EUR,2018-04-15 23:14:52
6740.0,XBT/EUR,2018-04-15 23:15:01
6740.0,XBT/EUR,2018-04-15 23:15:11
6740.0,XBT/EUR,2018-04-15 23:15:21
6740.0,XBT/EUR,2018-04-15 23:17:37
6740.0,XBT/EUR,2018-04-15 23:17:38
6740.0,XBT/EUR,2018-04-15 23:17:46
6740.0,XBT/EUR,2018-04-15 23:17:56
6740.1,XBT/EUR,2018-04-15 23:18:06
6740.1,XBT/EUR,2018-04-15 23:19:55
6740.1,XBT/EUR,2018-04-15 23:19:56
6740.1,XBT/EUR,2018-04-15 23:20:34
6740.0,XBT/EUR,2018-04-15 23:21:56
6740.0,XBT/EUR,2018-04-15 23:22:04
6740.1,XBT/EUR,2018-04-15 23:22:55
6740.1,XBT/EUR,2018-04-15 23:22:56
6740.1,XBT/EUR,2018-04-15 23:23:05
6740.1,XBT/EUR,2018-04-15 23:23:22
6740.1,XBT/EUR,2018-04-15 23:23:23
6740.7,XBT/EUR,2018-04-15 23:23:31
6740.1,XBT/EUR,2018-04-15 23:23:41
6740.1,XBT/EUR,2018-04-15 23:23:52
6736.7,XBT/EUR,2018-04-15 23:25:08
6736.7,XBT/EUR,2018-04-15 23:25:09
6736.7,XBT/EUR,2018-04-15 23:25:17
6736.7,XBT/EUR,2018-04-15 23:25:27
6736.7,XBT/EUR,2018-04-15 23:25:28
6736.7,XBT/EUR,2018-04-15 23:25:36
6736.7,XBT/EUR,2018-04-15 23:25:47
6736.7,XBT/EUR,2018-04-15 23:25:48
6732.6,XBT/EUR,2018-04-15 23:25:56
6732.6,XBT/EUR,2018-04-15 23:26:06
6732.6,XBT/EUR,2018-04-15 23:26:16
6732.6,XBT/EUR,2018-04-15 23:26:26
6732.6,XBT/EUR,2018-04-15 23:26:36
6728.9,XBT/EUR,2018-04-15 23:26:46
6732.4,XBT/EUR,2018-04-15 23:26:56
6732.4,XBT/EUR,2018-04-15 23:27:06
6732.4,XBT/EUR,2018-04-15 23:27:16
6730.6,XBT/EUR,2018-04-15 23:27:26
6730.6,XBT/EUR,2018-04-15 23:27:36
6450.3,XBT/EUR,2018-04-16 16:46:07
6454.2,XBT/EUR,2018-04-16 16:46:09
6454.1,XBT/EUR,2018-04-16 16:46:13
6450.4,XBT/EUR,2018-04-16 16:46:15
6450.2,XBT/EUR,2018-04-16 16:46:23
6453.9,XBT/EUR,2018-04-16 16:46:33
6454.1,XBT/EUR,2018-04-16 16:46:43
6454.1,XBT/EUR,2018-04-16 16:46:53
6447.1,XBT/EUR,2018-04-16 16:47:03
6445.9,XBT/EUR,2018-04-16 16:47:13
6448.8,XBT/EUR,2018-04-16 16:48:57
6448.8,XBT/EUR,2018-04-16 16:48:59
6448.0,XBT/EUR,2018-04-16 16:50:41
6448.0,XBT/EUR,2018-04-16 16:50:42
6444.7,XBT/EUR,2018-04-16 16:56:31
6444.7,XBT/EUR,2018-04-16 16:56:33
6444.7,XBT/EUR,2018-04-16 16:56:35
6449.3,XBT/EUR,2018-04-16 17:01:53
6449.3,XBT/EUR,2018-04-16 17:01:55
6448.6,XBT/EUR,2018-04-16 17:02:04
6457.2,XBT/EUR,2018-04-16 17:04:34
6452.7,XBT/EUR,2018-04-16 17:04:39
6452.7,XBT/EUR,2018-04-16 17:04:40
6454.5,XBT/EUR,2018-04-16 17:05:07
6454.5,XBT/EUR,2018-04-16 17:05:08
6455.4,XBT/EUR,2018-04-16 17:05:16
6457.1,XBT/EUR,2018-04-16 17:06:05
6457.1,XBT/EUR,2018-04-16 17:06:07
6457.1,XBT/EUR,2018-04-16 17:06:15
6456.2,XBT/EUR,2018-04-16 17:06:25
6457.6,XBT/EUR,2018-04-16 17:07:35
6457.6,XBT/EUR,2018-04-16 17:07:36
6457.6,XBT/EUR,2018-04-16 17:07:44
6457.6,XBT/EUR,2018-04-16 17:07:54
6457.4,XBT/EUR,2018-04-16 17:10:59
6455.0,XBT/EUR,2018-04-16 17:12:00
6450.1,XBT/EUR,2018-04-16 17:12:03
6450.1,XBT/EUR,2018-04-16 17:12:04
6450.9,XBT/EUR,2018-04-16 17:15:32
6450.9,XBT/EUR,2018-04-16 17:15:34
6458.0,XBT/EUR,2018-04-16 17:16:40
6458.0,XBT/EUR,2018-04-16 17:16:42
6458.0,XBT/EUR,2018-04-16 17:16:50
6450.8,XBT/EUR,2018-04-16 17:17:00
6450.8,XBT/EUR,2018-04-16 17:17:14
6450.8,XBT/EUR,2018-04-16 17:17:15
6450.8,XBT/EUR,2018-04-16 17:17:23
6454.8,XBT/EUR,2018-04-16 17:17:55
6454.8,XBT/EUR,2018-04-16 17:17:57
6449.5,XBT/EUR,2018-04-16 17:18:09
6449.5,XBT/EUR,2018-04-16 17:18:10
6450.2,XBT/EUR,2018-04-16 17:18:19
6450.0,XBT/EUR,2018-04-16 17:19:28
6450.5,XBT/EUR,2018-04-16 17:20:06
6450.5,XBT/EUR,2018-04-16 17:20:07
6447.0,XBT/EUR,2018-04-16 17:21:24
6447.0,XBT/EUR,2018-04-16 17:21:25
6455.3,XBT/EUR,2018-04-16 17:34:45
6455.0,XBT/EUR,2018-04-16 17:35:54
6458.4,XBT/EUR,2018-04-16 17:35:59
6458.4,XBT/EUR,2018-04-16 17:36:00
6458.4,XBT/EUR,2018-04-16 17:36:06
6458.4,XBT/EUR,2018-04-16 17:36:08
6456.7,XBT/EUR,2018-04-16 17:36:16
6458.4,XBT/EUR,2018-04-16 17:36:26
6457.1,XBT/EUR,2018-04-16 17:36:36
6457.1,XBT/EUR,2018-04-16 17:36:47
6458.4,XBT/EUR,2018-04-16 17:36:57
6458.4,XBT/EUR,2018-04-16 17:37:07
6459.9,XBT/EUR,2018-04-16 17:37:17
6475.3,XBT/EUR,2018-04-16 17:37:27
6465.0,XBT/EUR,2018-04-16 17:37:47
6465.2,XBT/EUR,2018-04-16 17:39:58
6465.7,XBT/EUR,2018-04-16 17:40:02
6467.9,XBT/EUR,2018-04-16 17:40:04
6466.0,XBT/EUR,2018-04-16 17:45:12
6466.0,XBT/EUR,2018-04-16 17:45:14
6466.1,XBT/EUR,2018-04-16 17:46:10
6466.1,XBT/EUR,2018-04-16 17:46:12
6466.1,XBT/EUR,2018-04-16 17:46:21
6466.1,XBT/EUR,2018-04-16 17:46:24
6466.1,XBT/EUR,2018-04-16 17:46:25
6467.0,XBT/EUR,2018-04-16 17:46:33
6469.0,XBT/EUR,2018-04-16 17:46:44
6469.0,XBT/EUR,2018-04-16 17:46:46
6469.0,XBT/EUR,2018-04-16 17:46:48
6469.0,XBT/EUR,2018-04-16 17:46:57
6467.0,XBT/EUR,2018-04-16 17:47:07
6467.0,XBT/EUR,2018-04-16 17:47:16
6467.0,XBT/EUR,2018-04-16 17:47:28
6467.0,XBT/EUR,2018-04-16 17:47:36
6465.0,XBT/EUR,2018-04-16 17:47:47
6463.0,XBT/EUR,2018-04-16 17:47:56
6463.0,XBT/EUR,2018-04-16 17:48:07
6460.7,XBT/EUR,2018-04-16 17:48:18
6460.7,XBT/EUR,2018-04-16 17:48:19
6463.0,XBT/EUR,2018-04-16 17:48:27
6463.0,XBT/EUR,2018-04-16 17:48:37
6463.0,XBT/EUR,2018-04-16 17:48:47
6460.7,XBT/EUR,2018-04-16 17:48:58
6460.6,XBT/EUR,2018-04-16 17:49:07
6460.7,XBT/EUR,2018-04-16 17:49:17
6460.7,XBT/EUR,2018-04-16 17:49:27
6462.7,XBT/EUR,2018-04-16 17:50:03
6462.7,XBT/EUR,2018-04-16 17:50:05
6460.6,XBT/EUR,2018-04-16 17:50:17
6460.6,XBT/EUR,2018-04-16 17:50:19
6460.6,XBT/EUR,2018-04-16 17:50:26
6460.5,XBT/EUR,2018-04-16 17:50:36
6463.0,XBT/EUR,2018-04-16 17:50:46
6463.0,XBT/EUR,2018-04-16 17:50:56
6463.0,XBT/EUR,2018-04-16 17:51:06
6463.0,XBT/EUR,2018-04-16 17:51:16
6463.0,XBT/EUR,2018-04-16 17:51:52
6463.0,XBT/EUR,2018-04-16 17:51:54
6460.5,XBT/EUR,2018-04-16 17:52:02
6463.0,XBT/EUR,2018-04-16 17:52:53
6463.0,XBT/EUR,2018-04-16 17:52:54
6422.0,XBT/EUR,2018-04-16 18:10:44
6422.0,XBT/EUR,2018-04-16 18:10:53
6427.5,XBT/EUR,2018-04-16 18:11:04
6427.5,XBT/EUR,2018-04-16 18:11:07
6427.5,XBT/EUR,2018-04-16 18:11:12
6427.5,XBT/EUR,2018-04-16 18:11:15
6427.5,XBT/EUR,2018-04-16 18:11:16
6427.5,XBT/EUR,2018-04-16 18:11:36
6427.5,XBT/EUR,2018-04-16 18:11:37
6427.5,XBT/EUR,2018-04-16 18:11:39
6427.5,XBT/EUR,2018-04-16 18:11:40
6427.5,XBT/EUR,2018-04-16 18:11:49
6425.8,XBT/EUR,2018-04-16 18:11:59
6425.4,XBT/EUR,2018-04-16 18:12:29
6425.4,XBT/EUR,2018-04-16 18:12:30
6425.4,XBT/EUR,2018-04-16 18:12:39
6425.4,XBT/EUR,2018-04-16 18:12:46
6425.4,XBT/EUR,2018-04-16 18:12:47
6427.5,XBT/EUR,2018-04-16 18:18:47
6427.4,XBT/EUR,2018-04-16 18:18:56
6427.5,XBT/EUR,2018-04-16 18:18:59
6427.5,XBT/EUR,2018-04-16 18:19:00
6427.5,XBT/EUR,2018-04-16 18:19:09
6427.5,XBT/EUR,2018-04-16 18:19:19
6430.0,XBT/EUR,2018-04-16 18:19:29
6436.5,XBT/EUR,2018-04-16 18:20:17
6436.5,XBT/EUR,2018-04-16 18:20:18
6436.6,XBT/EUR,2018-04-16 18:20:26
6436.6,XBT/EUR,2018-04-16 18:20:36
6429.9,XBT/EUR,2018-04-16 18:20:46
6434.9,XBT/EUR,2018-04-16 18:20:56
6434.9,XBT/EUR,2018-04-16 18:21:07
6436.4,XBT/EUR,2018-04-16 18:21:17
6436.8,XBT/EUR,2018-04-16 18:21:46
6436.8,XBT/EUR,2018-04-16 18:21:47
6436.8,XBT/EUR,2018-04-16 18:21:55
6436.8,XBT/EUR,2018-04-16 18:22:04
6436.8,XBT/EUR,2018-04-16 18:22:05
6436.0,XBT/EUR,2018-04-16 18:22:18
6419.7,XBT/EUR,2018-04-16 18:22:19
6434.9,XBT/EUR,2018-04-16 18:22:28
6427.1,XBT/EUR,2018-04-16 18:22:38
6427.1,XBT/EUR,2018-04-16 18:22:48
6432.3,XBT/EUR,2018-04-16 18:22:57
6434.3,XBT/EUR,2018-04-16 18:23:08
6434.3,XBT/EUR,2018-04-16 18:23:18
6432.0,XBT/EUR,2018-04-16 18:23:27
6424.0,XBT/EUR,2018-04-16 18:23:36
6424.0,XBT/EUR,2018-04-16 18:23:37
6431.9,XBT/EUR,2018-04-16 18:23:46
6427.5,XBT/EUR,2018-04-16 18:23:56
6431.5,XBT/EUR,2018-04-16 18:24:06
6424.0,XBT/EUR,2018-04-16 18:25:47
6429.6,XBT/EUR,2018-04-16 18:25:58
6429.6,XBT/EUR,2018-04-16 18:26:04
6429.6,XBT/EUR,2018-04-16 18:26:06
6429.8,XBT/EUR,2018-04-16 18:26:14
6429.8,XBT/EUR,2018-04-16 18:26:24
6429.8,XBT/EUR,2018-04-16 18:26:34
6429.8,XBT/EUR,2018-04-16 18:26:44
6427.5,XBT/EUR,2018-04-16 18:26:54
6429.0,XBT/EUR,2018-04-16 18:27:04
6432.5,XBT/EUR,2018-04-16 18:27:14
6432.5,XBT/EUR,2018-04-16 18:27:24
6433.6,XBT/EUR,2018-04-16 18:27:34
6437.0,XBT/EUR,2018-04-16 18:29:35
6437.0,XBT/EUR,2018-04-16 18:29:36
6437.0,XBT/EUR,2018-04-16 18:29:45
6437.0,XBT/EUR,2018-04-16 18:29:55
6440.1,XBT/EUR,2018-04-16 18:30:05
6439.3,XBT/EUR,2018-04-16 18:35:45
6439.3,XBT/EUR,2018-04-16 18:37:15
6437.0,XBT/EUR,2018-04-16 18:38:05
6437.2,XBT/EUR,2018-04-16 18:42:36
6437.2,XBT/EUR,2018-04-16 18:42:44
6437.2,XBT/EUR,2018-04-16 18:42:45
6437.2,XBT/EUR,2018-04-16 18:42:54
6439.5,XBT/EUR,2018-04-16 18:45:35
6437.1,XBT/EUR,2018-04-16 18:45:40
6437.1,XBT/EUR,2018-04-16 18:45:41
6437.1,XBT/EUR,2018-04-16 18:45:50
6441.9,XBT/EUR,2018-04-16 18:46:00
6442.3,XBT/EUR,2018-04-16 18:46:10
6442.3,XBT/EUR,2018-04-16 18:46:20
6442.3,XBT/EUR,2018-04-16 18:46:30
6442.3,XBT/EUR,2018-04-16 18:46:40
6438.0,XBT/EUR,2018-04-16 18:48:31
6438.0,XBT/EUR,2018-04-16 18:48:35
6438.0,XBT/EUR,2018-04-16 18:48:36
6438.0,XBT/EUR,2018-04-16 18:48:45
6445.2,XBT/EUR,2018-04-16 18:49:25
6445.2,XBT/EUR,2018-04-16 18:49:26
6438.2,XBT/EUR,2018-04-16 18:49:35
6438.2,XBT/EUR,2018-04-16 18:49:44
6438.2,XBT/EUR,2018-04-16 18:49:55
6444.8,XBT/EUR,2018-04-16 18:50:05
6442.1,XBT/EUR,2018-04-16 18:50:15
6445.0,XBT/EUR,2018-04-16 18:50:24
6445.0,XBT/EUR,2018-04-16 18:50:34
6444.9,XBT/EUR,2018-04-16 18:50:44
6441.9,XBT/EUR,2018-04-16 18:57:06
6441.3,XBT/EUR,2018-04-16 18:57:13
6441.3,XBT/EUR,2018-04-16 18:57:14
6441.3,XBT/EUR,2018-04-16 18:57:23
6441.3,XBT/EUR,2018-04-16 18:57:33
6440.2,XBT/EUR,2018-04-16 18:57:43
6440.2,XBT/EUR,2018-04-16 18:57:53
6441.1,XBT/EUR,2018-04-16 18:58:03
6441.1,XBT/EUR,2018-04-16 18:58:14
6440.2,XBT/EUR,2018-04-16 18:58:24
6440.2,XBT/EUR,2018-04-16 18:58:33
6440.0,XBT/EUR,2018-04-16 18:59:37
6440.0,XBT/EUR,2018-04-16 18:59:39
6440.1,XBT/EUR,2018-04-16 18:59:47
6440.1,XBT/EUR,2018-04-16 18:59:49
6440.1,XBT/EUR,2018-04-16 18:59:51
6440.2,XBT/EUR,2018-04-16 19:00:00
6440.0,XBT/EUR,2018-04-16 19:00:10
6440.0,XBT/EUR,2018-04-16 19:00:20
6440.2,XBT/EUR,2018-04-16 19:00:29
6556.0,XBT/EUR,2018-04-17 19:09:23
6555.9,XBT/EUR,2018-04-17 19:09:27
6555.9,XBT/EUR,2018-04-17 19:09:28
6555.9,XBT/EUR,2018-04-17 19:09:37
6556.0,XBT/EUR,2018-04-17 19:09:47
6556.0,XBT/EUR,2018-04-17 19:09:57
6556.2,XBT/EUR,2018-04-17 19:10:07
6556.2,XBT/EUR,2018-04-17 19:10:17
6556.2,XBT/EUR,2018-04-17 19:10:28
6556.2,XBT/EUR,2018-04-17 19:10:38
6556.1,XBT/EUR,2018-04-17 19:10:48
6556.2,XBT/EUR,2018-04-17 19:10:58
6554.4,XBT/EUR,2018-04-17 19:12:27
6554.4,XBT/EUR,2018-04-17 19:12:28
6552.6,XBT/EUR,2018-04-17 19:21:37
6552.6,XBT/EUR,2018-04-17 19:21:39
6552.6,XBT/EUR,2018-04-17 19:21:47
6552.6,XBT/EUR,2018-04-17 19:22:18
6552.6,XBT/EUR,2018-04-17 19:22:21
6552.6,XBT/EUR,2018-04-17 19:22:22
6552.6,XBT/EUR,2018-04-17 19:22:31
6552.3,XBT/EUR,2018-04-17 19:24:58
6552.3,XBT/EUR,2018-04-17 19:24:59
6552.3,XBT/EUR,2018-04-17 19:25:04
6548.0,XBT/EUR,2018-04-17 19:25:05
6548.0,XBT/EUR,2018-04-17 19:25:06
6548.0,XBT/EUR,2018-04-17 19:25:08
6551.5,XBT/EUR,2018-04-17 19:26:47
6551.5,XBT/EUR,2018-04-17 19:26:50
6551.5,XBT/EUR,2018-04-17 19:26:51
6549.2,XBT/EUR,2018-04-17 19:27:00
6550.6,XBT/EUR,2018-04-17 19:27:10
6550.6,XBT/EUR,2018-04-17 19:27:20
6550.1,XBT/EUR,2018-04-17 19:28:59
6550.1,XBT/EUR,2018-04-17 19:29:00
6550.1,XBT/EUR,2018-04-17 19:29:08
6550.1,XBT/EUR,2018-04-17 19:29:19
6550.1,XBT/EUR,2018-04-17 19:29:20
6550.1,XBT/EUR,2018-04-17 19:29:29
6550.1,XBT/EUR,2018-04-17 19:29:40
6550.1,XBT/EUR,2018-04-17 19:29:50
6550.1,XBT/EUR,2018-04-17 19:29:59
6550.1,XBT/EUR,2018-04-17 19:30:23
6550.1,XBT/EUR,2018-04-17 19:30:24
6550.1,XBT/EUR,2018-04-17 19:30:33
6550.1,XBT/EUR,2018-04-17 19:32:04
6550.1,XBT/EUR,2018-04-17 19:32:11
6550.1,XBT/EUR,2018-04-17 19:32:12
6550.1,XBT/EUR,2018-04-17 19:32:21
6550.1,XBT/EUR,2018-04-17 19:32:49
6550.1,XBT/EUR,2018-04-17 19:32:51
6550.1,XBT/EUR,2018-04-17 19:32:59
6550.1,XBT/EUR,2018-04-17 19:33:09
6549.9,XBT/EUR,2018-04-17 19:34:00
6549.5,XBT/EUR,2018-04-17 19:34:03
6549.5,XBT/EUR,2018-04-17 19:34:04
6549.5,XBT/EUR,2018-04-17 19:34:13
6549.4,XBT/EUR,2018-04-17 19:34:24
6549.4,XBT/EUR,2018-04-17 19:34:27
6549.4,XBT/EUR,2018-04-17 19:34:28
6549.4,XBT/EUR,2018-04-17 19:34:37
6549.5,XBT/EUR,2018-04-17 19:34:48
6549.4,XBT/EUR,2018-04-17 19:34:56
6549.4,XBT/EUR,2018-04-17 19:34:57
6547.6,XBT/EUR,2018-04-17 19:35:06
6547.7,XBT/EUR,2018-04-17 19:35:15
6531.3,XBT/EUR,2018-04-17 19:35:25
6531.3,XBT/EUR,2018-04-17 19:35:35
6536.5,XBT/EUR,2018-04-17 19:35:45
6538.1,XBT/EUR,2018-04-17 19:36:16
6544.3,XBT/EUR,2018-04-17 19:47:33
6544.3,XBT/EUR,2018-04-17 19:47:34
6544.3,XBT/EUR,2018-04-17 19:47:40
6544.3,XBT/EUR,2018-04-17 19:47:41
6544.3,XBT/EUR,2018-04-17 19:47:50
6551.1,XBT/EUR,2018-04-17 19:49:31
6552.0,XBT/EUR,2018-04-17 19:49:40
6552.0,XBT/EUR,2018-04-17 19:49:43
6552.0,XBT/EUR,2018-04-17 19:49:44
6552.1,XBT/EUR,2018-04-17 19:49:53
6552.1,XBT/EUR,2018-04-17 19:50:02
6552.4,XBT/EUR,2018-04-17 19:52:01
6552.4,XBT/EUR,2018-04-17 19:52:04
6552.2,XBT/EUR,2018-04-17 19:52:11
6552.2,XBT/EUR,2018-04-17 19:53:13
6552.2,XBT/EUR,2018-04-17 19:53:14
6552.2,XBT/EUR,2018-04-17 19:53:22
6552.2,XBT/EUR,2018-04-17 19:53:32
6552.2,XBT/EUR,2018-04-17 19:53:42
6552.2,XBT/EUR,2018-04-17 19:53:52
6552.3,XBT/EUR,2018-04-17 19:55:53
6552.3,XBT/EUR,2018-04-17 19:55:59
6552.3,XBT/EUR,2018-04-17 19:56:00
6552.3,XBT/EUR,2018-04-17 19:56:09
6552.3,XBT/EUR,2018-04-17 19:56:19
6552.3,XBT/EUR,2018-04-17 19:56:29
6552.3,XBT/EUR,2018-04-17 19:56:39
6552.2,XBT/EUR,2018-04-17 19:56:49
6552.3,XBT/EUR,2018-04-17 19:56:59
6552.3,XBT/EUR,2018-04-17 19:57:09
6552.3,XBT/EUR,2018-04-17 19:57:19
6552.2,XBT/EUR,2018-04-17 19:57:29
6552.2,XBT/EUR,2018-04-17 19:58:05
6552.2,XBT/EUR,2018-04-17 19:58:06
6552.2,XBT/EUR,2018-04-17 19:58:14
6552.0,XBT/EUR,2018-04-17 19:58:24
6552.0,XBT/EUR,2018-04-17 19:58:34
6552.0,XBT/EUR,2018-04-17 19:58:44
6542.9,XBT/EUR,2018-04-17 20:06:24
6542.9,XBT/EUR,2018-04-17 20:06:26
6542.9,XBT/EUR,2018-04-17 20:06:34
6542.8,XBT/EUR,2018-04-17 20:06:44
6542.8,XBT/EUR,2018-04-17 20:06:54
6542.9,XBT/EUR,2018-04-17 20:07:04
6542.8,XBT/EUR,2018-04-17 20:07:14
6542.8,XBT/EUR,2018-04-17 20:07:24
6542.8,XBT/EUR,2018-04-17 20:07:34
6542.8,XBT/EUR,2018-04-17 20:07:44
6541.5,XBT/EUR,2018-04-17 20:38:31
6541.5,XBT/EUR,2018-04-17 20:38:33
6541.5,XBT/EUR,2018-04-17 20:38:38
6541.5,XBT/EUR,2018-04-17 20:38:40
6541.5,XBT/EUR,2018-04-17 20:38:49
6543.4,XBT/EUR,2018-04-17 20:38:59
6542.0,XBT/EUR,2018-04-17 20:39:09
6542.0,XBT/EUR,2018-04-17 20:39:39
6542.0,XBT/EUR,2018-04-17 20:39:43
6542.0,XBT/EUR,2018-04-17 20:39:44
6542.0,XBT/EUR,2018-04-17 20:39:53
6542.9,XBT/EUR,2018-04-17 20:40:04
6542.7,XBT/EUR,2018-04-17 20:40:33
6542.7,XBT/EUR,2018-04-17 20:40:43
6542.7,XBT/EUR,2018-04-17 20:40:53
6542.7,XBT/EUR,2018-04-17 20:41:03
6542.7,XBT/EUR,2018-04-17 20:41:13
6542.7,XBT/EUR,2018-04-17 20:41:23
6542.7,XBT/EUR,2018-04-17 20:41:29
6542.7,XBT/EUR,2018-04-17 20:41:30
6542.7,XBT/EUR,2018-04-17 20:41:39
6542.7,XBT/EUR,2018-04-17 20:41:49
6544.0,XBT/EUR,2018-04-17 20:42:50
6543.9,XBT/EUR,2018-04-17 20:45:40
6424.1,XBT/EUR,2018-04-17 20:54:51
6425.0,XBT/EUR,2018-04-17 21:00:18
6426.0,XBT/EUR,2018-04-17 21:00:27
6424.8,XBT/EUR,2018-04-17 21:00:36
6417.2,XBT/EUR,2018-04-17 21:00:38
6410.0,XBT/EUR,2018-04-17 21:00:48
6413.3,XBT/EUR,2018-04-17 21:00:52
6413.0,XBT/EUR,2018-04-17 21:00:58
6405.1,XBT/EUR,2018-04-17 21:01:11
6405.1,XBT/EUR,2018-04-17 21:01:13
6407.4,XBT/EUR,2018-04-17 21:01:21
6387.0,XBT/EUR,2018-04-17 21:01:31
6385.9,XBT/EUR,2018-04-17 21:01:41
6380.0,XBT/EUR,2018-04-17 21:01:51
6378.0,XBT/EUR,2018-04-17 21:02:01
6363.5,XBT/EUR,2018-04-17 21:02:11
6356.0,XBT/EUR,2018-04-17 21:02:21
6358.0,XBT/EUR,2018-04-17 21:02:52
6373.0,XBT/EUR,2018-04-17 21:04:48
6375.1,XBT/EUR,2018-04-17 21:04:50
6371.7,XBT/EUR,2018-04-17 21:05:14
6371.7,XBT/EUR,2018-04-17 21:05:16
6371.8,XBT/EUR,2018-04-17 21:05:23
6371.2,XBT/EUR,2018-04-17 21:05:33
6368.3,XBT/EUR,2018-04-17 21:05:43
6370.3,XBT/EUR,2018-04-17 21:07:58
6370.3,XBT/EUR,2018-04-17 21:08:00
6378.0,XBT/EUR,2018-04-17 21:08:08
6390.5,XBT/EUR,2018-04-17 21:08:28
6392.7,XBT/EUR,2018-04-17 21:08:38
6391.0,XBT/EUR,2018-04-17 21:08:48
6391.0,XBT/EUR,2018-04-17 21:08:58
6387.1,XBT/EUR,2018-04-17 21:09:08
6386.2,XBT/EUR,2018-04-17 21:09:18
6382.4,XBT/EUR,2018-04-17 21:09:28
6380.0,XBT/EUR,2018-04-17 21:11:56
6380.0,XBT/EUR,2018-04-17 21:11:58
6380.0,XBT/EUR,2018-04-17 21:12:06
6380.0,XBT/EUR,2018-04-17 21:12:16
6380.0,XBT/EUR,2018-04-17 21:12:26
6381.0,XBT/EUR,2018-04-17 21:12:36
6383.8,XBT/EUR,2018-04-17 21:13:07
6384.1,XBT/EUR,2018-04-17 21:13:13
6384.1,XBT/EUR,2018-04-17 21:13:14
6388.9,XBT/EUR,2018-04-17 21:13:23
6388.0,XBT/EUR,2018-04-17 21:13:34
6388.0,XBT/EUR,2018-04-17 21:13:43
6388.7,XBT/EUR,2018-04-17 21:13:53
6380.1,XBT/EUR,2018-04-17 21:17:51
6380.0,XBT/EUR,2018-04-17 21:17:54
6380.0,XBT/EUR,2018-04-17 21:17:55
6380.2,XBT/EUR,2018-04-17 21:18:04
6380.2,XBT/EUR,2018-04-17 21:18:14
6380.9,XBT/EUR,2018-04-17 21:18:24
6380.3,XBT/EUR,2018-04-17 21:18:34
6380.3,XBT/EUR,2018-04-17 21:18:38
6383.0,XBT/EUR,2018-04-17 21:18:39
6380.0,XBT/EUR,2018-04-17 21:18:43
6380.0,XBT/EUR,2018-04-17 21:18:45
6380.3,XBT/EUR,2018-04-17 21:18:53
6380.3,XBT/EUR,2018-04-17 21:19:04
6380.3,XBT/EUR,2018-04-17 21:19:14
6380.0,XBT/EUR,2018-04-17 21:19:24
6380.0,XBT/EUR,2018-04-17 21:19:33
6380.0,XBT/EUR,2018-04-17 21:19:44
6380.0,XBT/EUR,2018-04-17 21:19:53
6380.0,XBT/EUR,2018-04-17 21:20:04
6366.1,XBT/EUR,2018-04-17 21:20:34
6358.4,XBT/EUR,2018-04-17 21:20:50
6358.4,XBT/EUR,2018-04-17 21:20:51
6358.4,XBT/EUR,2018-04-17 21:20:59
6408.0,XBT/EUR,2018-04-17 23:23:13
6408.0,XBT/EUR,2018-04-17 23:23:18
6408.0,XBT/EUR,2018-04-17 23:23:19
6403.9,XBT/EUR,2018-04-17 23:23:28
6403.9,XBT/EUR,2018-04-17 23:23:38
6405.9,XBT/EUR,2018-04-17 23:23:48
6405.9,XBT/EUR,2018-04-17 23:23:58
6405.9,XBT/EUR,2018-04-17 23:24:08
6406.0,XBT/EUR,2018-04-17 23:24:18
6404.0,XBT/EUR,2018-04-17 23:24:28
6404.0,XBT/EUR,2018-04-17 23:24:32
6404.0,XBT/EUR,2018-04-17 23:24:34
6404.0,XBT/EUR,2018-04-17 23:24:42
6404.0,XBT/EUR,2018-04-17 23:24:52
6404.0,XBT/EUR,2018-04-17 23:24:58
6404.0,XBT/EUR,2018-04-17 23:25:00
6407.8,XBT/EUR,2018-04-17 23:25:08
6407.7,XBT/EUR,2018-04-17 23:25:18
6402.8,XBT/EUR,2018-04-17 23:25:28
6402.8,XBT/EUR,2018-04-17 23:25:38
6401.8,XBT/EUR,2018-04-17 23:25:51
6401.8,XBT/EUR,2018-04-17 23:25:52
6401.8,XBT/EUR,2018-04-17 23:26:00
6407.8,XBT/EUR,2018-04-17 23:26:12
6407.8,XBT/EUR,2018-04-17 23:26:21
6401.7,XBT/EUR,2018-04-17 23:26:31
6401.7,XBT/EUR,2018-04-17 23:26:41
6401.7,XBT/EUR,2018-04-17 23:26:50
6401.6,XBT/EUR,2018-04-17 23:27:00
6401.7,XBT/EUR,2018-04-17 23:27:10
6401.7,XBT/EUR,2018-04-17 23:27:20
6407.2,XBT/EUR,2018-04-17 23:27:30
6407.7,XBT/EUR,2018-04-17 23:27:40
6407.7,XBT/EUR,2018-04-17 23:27:50
6404.3,XBT/EUR,2018-04-17 23:28:00
6404.8,XBT/EUR,2018-04-17 23:28:10
6404.8,XBT/EUR,2018-04-17 23:28:20
6405.0,XBT/EUR,2018-04-17 23:28:40
6403.3,XBT/EUR,2018-04-17 23:28:50
6414.3,XBT/EUR,2018-04-17 23:29:00
6415.5,XBT/EUR,2018-04-17 23:29:10
6415.5,XBT/EUR,2018-04-17 23:29:20
6415.5,XBT/EUR,2018-04-17 23:29:30
6415.5,XBT/EUR,2018-04-17 23:29:40
6415.5,XBT/EUR,2018-04-17 23:29:50
6412.5,XBT/EUR,2018-04-17 23:30:00
6408.0,XBT/EUR,2018-04-17 23:30:11
6408.0,XBT/EUR,2018-04-17 23:30:20
6412.7,XBT/EUR,2018-04-17 23:30:31
6412.5,XBT/EUR,2018-04-17 23:30:41
6412.5,XBT/EUR,2018-04-17 23:30:51
6412.5,XBT/EUR,2018-04-17 23:31:01
6412.5,XBT/EUR,2018-04-17 23:31:11
6412.5,XBT/EUR,2018-04-17 23:31:21
6412.4,XBT/EUR,2018-04-17 23:31:32
6404.6,XBT/EUR,2018-04-17 23:31:52
6409.5,XBT/EUR,2018-04-17 23:32:02
6409.5,XBT/EUR,2018-04-17 23:32:11
6409.5,XBT/EUR,2018-04-17 23:32:22
6409.5,XBT/EUR,2018-04-17 23:32:30
6409.5,XBT/EUR,2018-04-17 23:32:40
6409.5,XBT/EUR,2018-04-17 23:32:50
6409.5,XBT/EUR,2018-04-17 23:33:00
6412.7,XBT/EUR,2018-04-17 23:33:10
6404.5,XBT/EUR,2018-04-17 23:33:20
6407.1,XBT/EUR,2018-04-17 23:33:30
6407.2,XBT/EUR,2018-04-17 23:33:40
6412.4,XBT/EUR,2018-04-17 23:33:50
6412.5,XBT/EUR,2018-04-17 23:34:00
6412.5,XBT/EUR,2018-04-17 23:34:10
6412.4,XBT/EUR,2018-04-17 23:34:20
6412.4,XBT/EUR,2018-04-17 23:34:31
6412.4,XBT/EUR,2018-04-17 23:34:40
6412.4,XBT/EUR,2018-04-17 23:34:50
6412.4,XBT/EUR,2018-04-17 23:35:00
6412.5,XBT/EUR,2018-04-17 23:35:10
6412.5,XBT/EUR,2018-04-17 23:35:20
6412.4,XBT/EUR,2018-04-17 23:35:30
6412.2,XBT/EUR,2018-04-17 23:35:40
6412.2,XBT/EUR,2018-04-17 23:35:50
6408.5,XBT/EUR,2018-04-17 23:36:36
6408.5,XBT/EUR,2018-04-17 23:36:38
6411.0,XBT/EUR,2018-04-17 23:36:46
6411.0,XBT/EUR,2018-04-17 23:36:56
6411.0,XBT/EUR,2018-04-17 23:37:08
6411.0,XBT/EUR,2018-04-17 23:37:09
6411.0,XBT/EUR,2018-04-17 23:37:17
6411.0,XBT/EUR,2018-04-17 23:37:28
6408.6,XBT/EUR,2018-04-17 23:37:37
6408.6,XBT/EUR,2018-04-17 23:37:47
6407.2,XBT/EUR,2018-04-17 23:37:58
6405.9,XBT/EUR,2018-04-17 23:41:11
6405.9,XBT/EUR,2018-04-17 23:41:13
6405.9,XBT/EUR,2018-04-17 23:41:21
6405.9,XBT/EUR,2018-04-17 23:41:31
6411.7,XBT/EUR,2018-04-17 23:44:29
6411.7,XBT/EUR,2018-04-17 23:44:30
6411.7,XBT/EUR,2018-04-17 23:44:38
6412.0,XBT/EUR,2018-04-17 23:44:49
6412.0,XBT/EUR,2018-04-17 23:44:59
6414.0,XBT/EUR,2018-04-17 23:45:09
6414.0,XBT/EUR,2018-04-17 23:45:18
6414.0,XBT/EUR,2018-04-17 23:45:28
6414.0,XBT/EUR,2018-04-17 23:45:39
6414.0,XBT/EUR,2018-04-17 23:45:48
6414.0,XBT/EUR,2018-04-17 23:45:59
6414.0,XBT/EUR,2018-04-17 23:46:08
6413.0,XBT/EUR,2018-04-17 23:46:19
6413.0,XBT/EUR,2018-04-17 23:46:30
6410.4,XBT/EUR,2018-04-17 23:46:39
6406.6,XBT/EUR,2018-04-17 23:46:49
6405.7,XBT/EUR,2018-04-17 23:46:58
6402.5,XBT/EUR,2018-04-17 23:47:11
6398.3,XBT/EUR,2018-04-17 23:48:00
6399.9,XBT/EUR,2018-04-17 23:48:07
6399.6,XBT/EUR,2018-04-17 23:48:09
6399.6,XBT/EUR,2018-04-17 23:48:18
6400.0,XBT/EUR,2018-04-17 23:48:28
6400.0,XBT/EUR,2018-04-17 23:48:38
6400.0,XBT/EUR,2018-04-17 23:48:49
6400.0,XBT/EUR,2018-04-17 23:48:50
6402.2,XBT/EUR,2018-04-17 23:49:00
6402.2,XBT/EUR,2018-04-17 23:49:01
6400.0,XBT/EUR,2018-04-17 23:49:09
6400.0,XBT/EUR,2018-04-17 23:49:20
6400.0,XBT/EUR,2018-04-17 23:49:30
6400.0,XBT/EUR,2018-04-17 23:49:39
6404.0,XBT/EUR,2018-04-17 23:49:49
6404.0,XBT/EUR,2018-04-17 23:50:00
6403.6,XBT/EUR,2018-04-17 23:50:09
6391.7,XBT/EUR,2018-04-17 23:50:20
6391.7,XBT/EUR,2018-04-17 23:50:29
6391.7,XBT/EUR,2018-04-17 23:50:39
6391.7,XBT/EUR,2018-04-17 23:50:49
6391.7,XBT/EUR,2018-04-17 23:51:00
6391.7,XBT/EUR,2018-04-17 23:51:09
6391.7,XBT/EUR,2018-04-17 23:51:19
6391.7,XBT/EUR,2018-04-17 23:51:30
6402.8,XBT/EUR,2018-04-17 23:51:39
6395.1,XBT/EUR,2018-04-17 23:51:50
6395.1,XBT/EUR,2018-04-17 23:51:59
6405.0,XBT/EUR,2018-04-17 23:52:09
6396.2,XBT/EUR,2018-04-17 23:52:19
6396.2,XBT/EUR,2018-04-17 23:52:29
6402.0,XBT/EUR,2018-04-17 23:52:39
6402.0,XBT/EUR,2018-04-17 23:52:49
6404.8,XBT/EUR,2018-04-17 23:52:59
6404.8,XBT/EUR,2018-04-17 23:53:09
6404.8,XBT/EUR,2018-04-17 23:53:20
6403.0,XBT/EUR,2018-04-17 23:53:29
6403.0,XBT/EUR,2018-04-17 23:53:40
6403.0,XBT/EUR,2018-04-17 23:53:50
6403.0,XBT/EUR,2018-04-17 23:54:00
6403.0,XBT/EUR,2018-04-17 23:54:09
6403.0,XBT/EUR,2018-04-17 23:54:20
6403.0,XBT/EUR,2018-04-17 23:54:30
6396.9,XBT/EUR,2018-04-17 23:54:39
6403.0,XBT/EUR,2018-04-17 23:54:50
6396.7,XBT/EUR,2018-04-17 23:55:00
6396.7,XBT/EUR,2018-04-17 23:55:09
6396.7,XBT/EUR,2018-04-17 23:55:20
6402.9,XBT/EUR,2018-04-17 23:55:29
6402.9,XBT/EUR,2018-04-17 23:55:41
6402.9,XBT/EUR,2018-04-17 23:55:49
6402.9,XBT/EUR,2018-04-17 23:55:59
6397.0,XBT/EUR,2018-04-17 23:56:18
6400.0,XBT/EUR,2018-04-17 23:56:21
6397.0,XBT/EUR,2018-04-17 23:56:28
6400.0,XBT/EUR,2018-04-17 23:56:37
6400.0,XBT/EUR,2018-04-17 23:56:47
6395.4,XBT/EUR,2018-04-17 23:56:58
6395.4,XBT/EUR,2018-04-17 23:56:59
6391.4,XBT/EUR,2018-04-17 23:57:08
6394.0,XBT/EUR,2018-04-17 23:57:18
6394.0,XBT/EUR,2018-04-17 23:57:28
6394.0,XBT/EUR,2018-04-17 23:57:38
6394.0,XBT/EUR,2018-04-17 23:57:48
6394.0,XBT/EUR,2018-04-17 23:57:58
6394.0,XBT/EUR,2018-04-17 23:58:08
6389.6,XBT/EUR,2018-04-17 23:58:18
6394.0,XBT/EUR,2018-04-17 23:58:28
6394.0,XBT/EUR,2018-04-17 23:58:38
6394.0,XBT/EUR,2018-04-17 23:58:48
6394.0,XBT/EUR,2018-04-17 23:58:58
6394.0,XBT/EUR,2018-04-17 23:59:08
6394.0,XBT/EUR,2018-04-17 23:59:18
6394.0,XBT/EUR,2018-04-18 00:00:59
6394.0,XBT/EUR,2018-04-18 00:01:02
6395.4,XBT/EUR,2018-04-18 00:01:03
6395.4,XBT/EUR,2018-04-18 00:01:13
6395.4,XBT/EUR,2018-04-18 00:01:23
6393.9,XBT/EUR,2018-04-18 00:01:33
6393.9,XBT/EUR,2018-04-18 00:01:43
6393.9,XBT/EUR,2018-04-18 00:01:56
6393.9,XBT/EUR,2018-04-18 00:01:57
6393.9,XBT/EUR,2018-04-18 00:02:05
6392.0,XBT/EUR,2018-04-18 00:02:15
6392.0,XBT/EUR,2018-04-18 00:02:26
6392.0,XBT/EUR,2018-04-18 00:02:27
6392.0,XBT/EUR,2018-04-18 00:02:35
6392.0,XBT/EUR,2018-04-18 00:02:46
6392.0,XBT/EUR,2018-04-18 00:02:56
6392.0,XBT/EUR,2018-04-18 00:03:08
6392.0,XBT/EUR,2018-04-18 00:03:09
6392.0,XBT/EUR,2018-04-18 00:03:17
6392.0,XBT/EUR,2018-04-18 00:03:25
6392.0,XBT/EUR,2018-04-18 00:03:26
6392.5,XBT/EUR,2018-04-18 00:03:35
6392.5,XBT/EUR,2018-04-18 00:03:45
6392.0,XBT/EUR,2018-04-18 00:03:55
6391.0,XBT/EUR,2018-04-18 00:04:05
6390.6,XBT/EUR,2018-04-18 00:04:15
6388.9,XBT/EUR,2018-04-18 00:04:23
6388.9,XBT/EUR,2018-04-18 00:04:24
6388.8,XBT/EUR,2018-04-18 00:04:33
6388.4,XBT/EUR,2018-04-18 00:04:43
6388.4,XBT/EUR,2018-04-18 00:04:53
6388.2,XBT/EUR,2018-04-18 00:05:03
6388.1,XBT/EUR,2018-04-18 00:05:14
6387.0,XBT/EUR,2018-04-18 00:05:23
6387.0,XBT/EUR,2018-04-18 00:05:33
6387.4,XBT/EUR,2018-04-18 00:05:43
6387.4,XBT/EUR,2018-04-18 00:05:53
6388.0,XBT/EUR,2018-04-18 00:06:03
6388.0,XBT/EUR,2018-04-18 00:06:13
6388.0,XBT/EUR,2018-04-18 00:06:23
6387.2,XBT/EUR,2018-04-18 00:06:33
6387.2,XBT/EUR,2018-04-18 00:06:43
6387.2,XBT/EUR,2018-04-18 00:06:53
6387.0,XBT/EUR,2018-04-18 00:07:03
6387.0,XBT/EUR,2018-04-18 00:07:13
6387.2,XBT/EUR,2018-04-18 00:07:23
6387.2,XBT/EUR,2018-04-18 00:07:33
6387.2,XBT/EUR,2018-04-18 00:07:43
6387.2,XBT/EUR,2018-04-18 00:07:53
6387.2,XBT/EUR,2018-04-18 00:08:03
6387.2,XBT/EUR,2018-04-18 00:08:13
6387.2,XBT/EUR,2018-04-18 00:08:24
6387.2,XBT/EUR,2018-04-18 00:08:26
6387.1,XBT/EUR,2018-04-18 00:08:33
6387.1,XBT/EUR,2018-04-18 00:08:44
6387.1,XBT/EUR,2018-04-18 00:08:53
6387.1,XBT/EUR,2018-04-18 00:09:04
6385.0,XBT/EUR,2018-04-18 00:09:16
6385.0,XBT/EUR,2018-04-18 00:09:24
6385.0,XBT/EUR,2018-04-18 00:09:34
6384.9,XBT/EUR,2018-04-18 00:09:44
6384.9,XBT/EUR,2018-04-18 00:09:54
6384.9,XBT/EUR,2018-04-18 00:10:04
6384.8,XBT/EUR,2018-04-18 00:10:14
6383.6,XBT/EUR,2018-04-18 00:10:25
6383.6,XBT/EUR,2018-04-18 00:10:36
6383.6,XBT/EUR,2018-04-18 00:10:44
6384.2,XBT/EUR,2018-04-18 00:10:54
6383.6,XBT/EUR,2018-04-18 00:11:04
6383.6,XBT/EUR,2018-04-18 00:11:14
6383.6,XBT/EUR,2018-04-18 00:11:24
6384.1,XBT/EUR,2018-04-18 00:11:35
6384.1,XBT/EUR,2018-04-18 00:11:44
6384.0,XBT/EUR,2018-04-18 00:11:56
6383.6,XBT/EUR,2018-04-18 00:12:15
6382.4,XBT/EUR,2018-04-18 00:12:24
6378.0,XBT/EUR,2018-04-18 00:12:35
6378.0,XBT/EUR,2018-04-18 00:12:44
6383.2,XBT/EUR,2018-04-18 00:12:54
6383.2,XBT/EUR,2018-04-18 00:12:57
6383.2,XBT/EUR,2018-04-18 00:12:58
6383.2,XBT/EUR,2018-04-18 00:13:07
6378.0,XBT/EUR,2018-04-18 00:13:17
6380.5,XBT/EUR,2018-04-18 00:13:27
6380.5,XBT/EUR,2018-04-18 00:13:37
6380.6,XBT/EUR,2018-04-18 00:13:47
6380.0,XBT/EUR,2018-04-18 00:16:53
6380.0,XBT/EUR,2018-04-18 00:16:54
6382.6,XBT/EUR,2018-04-18 00:17:03
6382.6,XBT/EUR,2018-04-18 00:17:12
6382.6,XBT/EUR,2018-04-18 00:17:22
6382.6,XBT/EUR,2018-04-18 00:17:32
6382.4,XBT/EUR,2018-04-18 00:17:42
6379.0,XBT/EUR,2018-04-18 00:17:53
6377.1,XBT/EUR,2018-04-18 00:18:02
6377.1,XBT/EUR,2018-04-18 00:18:14
6377.1,XBT/EUR,2018-04-18 00:18:22
6377.1,XBT/EUR,2018-04-18 00:18:32
6377.1,XBT/EUR,2018-04-18 00:18:42
6379.0,XBT/EUR,2018-04-18 00:18:52
6382.6,XBT/EUR,2018-04-18 00:19:02
6382.6,XBT/EUR,2018-04-18 00:19:12
6381.6,XBT/EUR,2018-04-18 00:19:22
6385.1,XBT/EUR,2018-04-18 00:25:34
6385.1,XBT/EUR,2018-04-18 00:25:36
6385.1,XBT/EUR,2018-04-18 00:25:38
6385.0,XBT/EUR,2018-04-18 00:25:47
6385.0,XBT/EUR,2018-04-18 00:25:57
6383.6,XBT/EUR,2018-04-18 00:26:07
6384.0,XBT/EUR,2018-04-18 00:26:17
6383.6,XBT/EUR,2018-04-18 00:26:27
6383.6,XBT/EUR,2018-04-18 00:26:37
6383.6,XBT/EUR,2018-04-18 00:26:47
6383.6,XBT/EUR,2018-04-18 00:26:55
6383.6,XBT/EUR,2018-04-18 00:26:58
6383.6,XBT/EUR,2018-04-18 00:26:59
6383.6,XBT/EUR,2018-04-18 00:27:08
6383.6,XBT/EUR,2018-04-18 00:27:18
6386.6,XBT/EUR,2018-04-18 00:30:38
6386.6,XBT/EUR,2018-04-18 00:30:41
6386.6,XBT/EUR,2018-04-18 00:30:43
6386.6,XBT/EUR,2018-04-18 00:30:45
6386.6,XBT/EUR,2018-04-18 00:30:54
6377.2,XBT/EUR,2018-04-18 00:31:05
6377.2,XBT/EUR,2018-04-18 00:31:14
6377.0,XBT/EUR,2018-04-18 00:31:25
6377.0,XBT/EUR,2018-04-18 00:31:35
6377.0,XBT/EUR,2018-04-18 00:33:53
6377.0,XBT/EUR,2018-04-18 00:33:54
6377.0,XBT/EUR,2018-04-18 00:34:03
6377.0,XBT/EUR,2018-04-18 00:34:13
6377.0,XBT/EUR,2018-04-18 00:34:23
6376.9,XBT/EUR,2018-04-18 00:34:33
6376.9,XBT/EUR,2018-04-18 00:34:43
6377.0,XBT/EUR,2018-04-18 00:34:53
6377.0,XBT/EUR,2018-04-18 00:34:58
6377.0,XBT/EUR,2018-04-18 00:34:59
6377.0,XBT/EUR,2018-04-18 00:35:08
6377.0,XBT/EUR,2018-04-18 00:35:14
6377.0,XBT/EUR,2018-04-18 00:35:15
6377.0,XBT/EUR,2018-04-18 00:35:17
6377.0,XBT/EUR,2018-04-18 00:35:26
6377.0,XBT/EUR,2018-04-18 00:35:42
6377.0,XBT/EUR,2018-04-18 00:35:43
6377.0,XBT/EUR,2018-04-18 00:35:49
6377.0,XBT/EUR,2018-04-18 00:35:50
6377.0,XBT/EUR,2018-04-18 00:35:52
6377.0,XBT/EUR,2018-04-18 00:36:01
6377.0,XBT/EUR,2018-04-18 00:36:11
6376.8,XBT/EUR,2018-04-18 00:36:22
6376.8,XBT/EUR,2018-04-18 00:36:23
6376.8,XBT/EUR,2018-04-18 00:36:28
6376.8,XBT/EUR,2018-04-18 00:36:32
6376.8,XBT/EUR,2018-04-18 00:36:33
6541.0,XBT/EUR,2018-04-18 16:39:01
6541.1,XBT/EUR,2018-04-18 16:39:07
6541.1,XBT/EUR,2018-04-18 16:39:08
6541.0,XBT/EUR,2018-04-18 16:39:17
6541.1,XBT/EUR,2018-04-18 16:39:27
6541.0,XBT/EUR,2018-04-18 16:39:36
6541.0,XBT/EUR,2018-04-18 16:39:43
6541.0,XBT/EUR,2018-04-18 16:39:45
6541.2,XBT/EUR,2018-04-18 16:39:54
6541.2,XBT/EUR,2018-04-18 16:40:04
6541.0,XBT/EUR,2018-04-18 16:40:14
6541.0,XBT/EUR,2018-04-18 16:40:23
6541.0,XBT/EUR,2018-04-18 16:40:34
6538.5,XBT/EUR,2018-04-18 16:40:44
6538.5,XBT/EUR,2018-04-18 16:40:55
6537.8,XBT/EUR,2018-04-18 16:41:04
6537.8,XBT/EUR,2018-04-18 16:41:14
6538.0,XBT/EUR,2018-04-18 16:41:26
6538.0,XBT/EUR,2018-04-18 16:41:34
6538.0,XBT/EUR,2018-04-18 16:41:44
6537.9,XBT/EUR,2018-04-18 16:41:54
6537.9,XBT/EUR,2018-04-18 16:42:04
6537.8,XBT/EUR,2018-04-18 16:42:14
6538.0,XBT/EUR,2018-04-18 16:42:23
6538.0,XBT/EUR,2018-04-18 16:42:34
6538.0,XBT/EUR,2018-04-18 16:42:43
6537.9,XBT/EUR,2018-04-18 16:42:54
6537.9,XBT/EUR,2018-04-18 16:43:04
6563.7,XBT/EUR,2018-04-18 22:09:50
6563.7,XBT/EUR,2018-04-18 22:09:52
6563.7,XBT/EUR,2018-04-18 22:09:53
6563.7,XBT/EUR,2018-04-18 22:10:03
6563.7,XBT/EUR,2018-04-18 22:10:12
6563.7,XBT/EUR,2018-04-18 22:10:22
6563.7,XBT/EUR,2018-04-18 22:10:32
6563.7,XBT/EUR,2018-04-18 22:10:42
6563.7,XBT/EUR,2018-04-18 22:10:52
6563.7,XBT/EUR,2018-04-18 22:11:02
6563.7,XBT/EUR,2018-04-18 22:11:12
6563.8,XBT/EUR,2018-04-18 22:11:22
6563.8,XBT/EUR,2018-04-18 22:11:32
6563.7,XBT/EUR,2018-04-18 22:11:42
6563.8,XBT/EUR,2018-04-18 22:11:52
6563.8,XBT/EUR,2018-04-18 22:12:02
6563.8,XBT/EUR,2018-04-18 22:12:12
6563.7,XBT/EUR,2018-04-18 22:12:22
6563.7,XBT/EUR,2018-04-18 22:12:33
6570.1,XBT/EUR,2018-04-18 22:16:43
6570.1,XBT/EUR,2018-04-18 22:16:45
6570.1,XBT/EUR,2018-04-18 22:16:46
6570.1,XBT/EUR,2018-04-18 22:16:55
6565.9,XBT/EUR,2018-04-18 22:17:05
6565.9,XBT/EUR,2018-04-18 22:17:15
6565.1,XBT/EUR,2018-04-18 22:17:26
6565.1,XBT/EUR,2018-04-18 22:17:30
6565.1,XBT/EUR,2018-04-18 22:17:31
6565.2,XBT/EUR,2018-04-18 22:17:39
6567.2,XBT/EUR,2018-04-18 22:17:45
6579.0,XBT/EUR,2018-04-18 22:17:46
6587.4,XBT/EUR,2018-04-18 22:17:55
6595.0,XBT/EUR,2018-04-18 22:18:05
6597.4,XBT/EUR,2018-04-18 22:18:14
6600.0,XBT/EUR,2018-04-18 22:18:25
6624.4,XBT/EUR,2018-04-18 22:18:35
6630.8,XBT/EUR,2018-04-18 22:18:45
6642.0,XBT/EUR,2018-04-18 22:18:55
6641.9,XBT/EUR,2018-04-18 22:19:05
6648.0,XBT/EUR,2018-04-18 22:19:15
6647.8,XBT/EUR,2018-04-18 22:19:25
6649.2,XBT/EUR,2018-04-18 22:19:35
6642.0,XBT/EUR,2018-04-18 22:19:45
6637.1,XBT/EUR,2018-04-18 22:19:55
6636.6,XBT/EUR,2018-04-18 22:20:05
6638.5,XBT/EUR,2018-04-18 22:20:15
6638.5,XBT/EUR,2018-04-18 22:20:25
6637.6,XBT/EUR,2018-04-18 22:20:35
6637.6,XBT/EUR,2018-04-18 22:20:45
6638.6,XBT/EUR,2018-04-18 22:20:51
6638.6,XBT/EUR,2018-04-18 22:20:52
6639.6,XBT/EUR,2018-04-18 22:21:01
6635.0,XBT/EUR,2018-04-18 22:21:11
6634.9,XBT/EUR,2018-04-18 22:21:18
6632.3,XBT/EUR,2018-04-18 22:21:20
6624.1,XBT/EUR,2018-04-18 22:21:28
6631.3,XBT/EUR,2018-04-18 22:21:39
6631.5,XBT/EUR,2018-04-18 22:21:48
6636.6,XBT/EUR,2018-04-18 22:21:58
6639.0,XBT/EUR,2018-04-18 22:22:09
6640.1,XBT/EUR,2018-04-18 22:22:19
6640.1,XBT/EUR,2018-04-18 22:22:29
6640.1,XBT/EUR,2018-04-18 22:22:39
6650.1,XBT/EUR,2018-04-18 22:22:48
6640.0,XBT/EUR,2018-04-18 22:22:58
6650.0,XBT/EUR,2018-04-18 22:23:08
6638.7,XBT/EUR,2018-04-18 22:23:18
6630.7,XBT/EUR,2018-04-18 22:23:28
6630.0,XBT/EUR,2018-04-18 22:23:38
6630.7,XBT/EUR,2018-04-18 22:23:48
6630.7,XBT/EUR,2018-04-18 22:23:58
6630.7,XBT/EUR,2018-04-18 22:24:08
6630.6,XBT/EUR,2018-04-18 22:24:18
6639.4,XBT/EUR,2018-04-18 22:24:28
6630.6,XBT/EUR,2018-04-18 22:24:38
6630.6,XBT/EUR,2018-04-18 22:24:48
6630.6,XBT/EUR,2018-04-18 22:24:57
6630.6,XBT/EUR,2018-04-18 22:25:08
6634.1,XBT/EUR,2018-04-18 22:25:19
6617.6,XBT/EUR,2018-04-18 23:15:39
6617.6,XBT/EUR,2018-04-18 23:15:41
6617.6,XBT/EUR,2018-04-18 23:15:43
6617.6,XBT/EUR,2018-04-18 23:15:51
6617.6,XBT/EUR,2018-04-18 23:16:01
6617.6,XBT/EUR,2018-04-18 23:16:11
6617.1,XBT/EUR,2018-04-18 23:16:21
6618.8,XBT/EUR,2018-04-18 23:16:31
6618.8,XBT/EUR,2018-04-18 23:16:41
6617.2,XBT/EUR,2018-04-18 23:16:51
6617.2,XBT/EUR,2018-04-18 23:17:01
7708.0,XBT/EUR,2018-04-28 18:16:36
7707.7,XBT/EUR,2018-04-28 18:16:40
7707.7,XBT/EUR,2018-04-28 18:16:42
7708.0,XBT/EUR,2018-04-28 18:16:51
7708.0,XBT/EUR,2018-04-28 18:17:01
7708.0,XBT/EUR,2018-04-28 18:17:11
7708.0,XBT/EUR,2018-04-28 18:17:21
7707.8,XBT/EUR,2018-04-28 18:17:31
7707.8,XBT/EUR,2018-04-28 18:17:41
7707.8,XBT/EUR,2018-04-28 18:17:51
7707.8,XBT/EUR,2018-04-28 18:18:01
7708.0,XBT/EUR,2018-04-28 18:18:11
7707.7,XBT/EUR,2018-04-28 18:18:23
7707.7,XBT/EUR,2018-04-28 18:18:31
7707.7,XBT/EUR,2018-04-28 18:18:41
7707.7,XBT/EUR,2018-04-28 18:18:51
7707.6,XBT/EUR,2018-04-28 18:19:01
7707.6,XBT/EUR,2018-04-28 18:19:11
7705.8,XBT/EUR,2018-04-28 18:19:21
7707.7,XBT/EUR,2018-04-28 18:19:31
7707.7,XBT/EUR,2018-04-28 18:19:41
7707.7,XBT/EUR,2018-04-28 18:19:51
7706.0,XBT/EUR,2018-04-28 18:20:01
7706.0,XBT/EUR,2018-04-28 18:20:11
7705.5,XBT/EUR,2018-04-28 18:20:21
7705.5,XBT/EUR,2018-04-28 18:20:29
7704.1,XBT/EUR,2018-04-28 18:20:34
7704.1,XBT/EUR,2018-04-28 18:20:44
7704.1,XBT/EUR,2018-04-28 18:20:45
7705.0,XBT/EUR,2018-04-28 18:21:17
7705.8,XBT/EUR,2018-04-28 18:21:24
7742.0,XBT/EUR,2018-04-28 22:12:54
7742.0,XBT/EUR,2018-04-28 22:12:56
7742.0,XBT/EUR,2018-04-28 22:12:57
7741.4,XBT/EUR,2018-04-28 22:13:06
7740.1,XBT/EUR,2018-04-28 22:13:16
7741.3,XBT/EUR,2018-04-28 22:13:26
7741.3,XBT/EUR,2018-04-28 22:13:36
7740.2,XBT/EUR,2018-04-28 22:13:46
7740.2,XBT/EUR,2018-04-28 22:14:02
7740.2,XBT/EUR,2018-04-28 22:14:06
7745.0,XBT/EUR,2018-04-28 22:14:16
7740.1,XBT/EUR,2018-04-28 22:14:26
7740.1,XBT/EUR,2018-04-28 22:14:36
7740.0,XBT/EUR,2018-04-28 22:14:46
7740.0,XBT/EUR,2018-04-28 22:14:56
7740.1,XBT/EUR,2018-04-28 22:15:06
7739.8,XBT/EUR,2018-04-28 22:15:16
7736.8,XBT/EUR,2018-04-28 22:15:26
7740.2,XBT/EUR,2018-04-28 22:15:36
7740.2,XBT/EUR,2018-04-28 22:15:46
7732.9,XBT/EUR,2018-04-28 22:15:57
7736.8,XBT/EUR,2018-04-28 22:16:08
7731.9,XBT/EUR,2018-04-28 22:16:17
7731.9,XBT/EUR,2018-04-28 22:16:27
7736.0,XBT/EUR,2018-04-28 22:16:37
7736.0,XBT/EUR,2018-04-28 22:16:47
7736.0,XBT/EUR,2018-04-28 22:16:57
7736.0,XBT/EUR,2018-04-28 22:17:07
7731.0,XBT/EUR,2018-04-28 22:17:17
7731.0,XBT/EUR,2018-04-28 22:17:27
7731.0,XBT/EUR,2018-04-28 22:17:37
7732.2,XBT/EUR,2018-04-28 22:17:47
7739.3,XBT/EUR,2018-04-28 22:17:57
7739.3,XBT/EUR,2018-04-28 22:18:07
7739.3,XBT/EUR,2018-04-28 22:18:17
7735.9,XBT/EUR,2018-04-28 22:18:27
7738.8,XBT/EUR,2018-04-28 22:18:37
7738.8,XBT/EUR,2018-04-28 22:18:46
7738.8,XBT/EUR,2018-04-28 22:18:56
